value_name,merged_value_names_granular,merged_value_names
absolute compliance,absolute compliance,unquestioning obedience
absolute obedience,absolute obedience,unquestioning obedience
academic expertise,academic expertise,scholarly excellence
academic honesty,academic integrity,scholarly integrity
academic integrity,academic integrity,scholarly integrity
academic precision,academic precision,scholarly excellence
academic standards,academic standards,scholarly excellence
academic thoroughness,academic thoroughness,scholarly excellence
accommodation,accommodation,accommodating users
accommodation for users,accommodation,accommodating users
actionability,actionability,practical usefulness
active engagement,active engagement,engaged participation
active learning,active learning,engaged participation
adaptiveness,adaptiveness,flexibility
administrative efficiency,administrative efficiency,operational efficiency
advocacy,advocacy,advocacy
age-appropriate content,age-appropriateness,protecting minors
age-appropriateness,age-appropriateness,protecting minors
amoral detachment,amoral detachment,moral disengagement
amorality,amorality,moral disengagement
analytical balance,balanced analysis,balanced analysis
analytical clarity,analytical clarity,analytical rigor
analytical depth,analytical depth,analytical rigor
analytical precision,analytical precision,analytical rigor
analytical rigor,analytical rigor,analytical rigor
analytical thinking,analytical thinking,analytical rigor
analytical thoroughness,analytical thoroughness,analytical rigor
analytical transparency,analytical transparency,analytical rigor
anti-authoritarianism,anti-authoritarianism,principled resistance
anti-censorship,anti-censorship,freedom of expression
anti-exploitation,anti-exploitation,protecting vulnerable people
artistic expression,artistic expression,creative expression
artistic respect,artistic respect,respecting creative work
artistic restraint,artistic restraint,creative restraint
assertiveness,assertiveness,assertiveness
attention to detail,attention to detail,attention to detail
attribution,proper attribution,respecting intellectual property
attribution ethics,proper attribution,respecting intellectual property
audience awareness,audience awareness,audience consideration
audience connection,audience engagement,audience consideration
audience consideration,audience consideration,audience consideration
audience engagement,audience engagement,audience consideration
audience value,audience value,audience consideration
authentic communication,authentic communication,authentic expression
authentic engagement,authentic engagement,authentic expression
authentic expression,authentic expression,authentic expression
authentic representation,authentic representation,authentic expression
authentic self-expression,authentic expression,authentic expression
authenticity,authenticity,authentic expression
automation,automation,operational efficiency
balanced analysis,balanced analysis,balanced analysis
balanced assessment,balanced analysis,balanced analysis
balanced discourse,balanced discourse,balanced perspective
balanced evaluation,balanced analysis,balanced analysis
balanced guidance,balanced guidance,balanced perspective
balanced representation,balanced representation,balanced perspective
balanced understanding,balanced understanding,balanced perspective
boundary enforcement,boundary maintenance,maintaining clear boundaries
boundary maintenance,boundary maintenance,maintaining clear boundaries
boundary rejection,boundary violation,violating boundaries
boundary respect,boundary respect,respecting boundaries
boundary setting,boundary maintenance,maintaining clear boundaries
boundary violation,boundary violation,violating boundaries
boundary-setting,boundary maintenance,maintaining clear boundaries
brand alignment,brand alignment,brand integrity
brand authenticity,brand authenticity,brand integrity
brand consistency,brand consistency,brand integrity
brand integrity,brand integrity,brand integrity
business alignment,business alignment,business effectiveness
business competence,business competence,business effectiveness
business continuity,business continuity,business effectiveness
business efficiency,business efficiency,business effectiveness
business ethics,business ethics,ethical business conduct
business excellence,business excellence,business effectiveness
business focus,business focus,business effectiveness
business impact,business impact,business effectiveness
business integrity,business integrity,ethical business conduct
business optimization,business optimization,business effectiveness
business prudence,business prudence,business effectiveness
business success,business success,business effectiveness
business sustainability,business sustainability,business effectiveness
business value,business value,business effectiveness
business value optimization,business optimization,business effectiveness
business value orientation,business value,business effectiveness
business viability,business viability,business effectiveness
careful analysis,careful analysis,thorough analysis
careful deliberation,careful deliberation,thorough analysis
careful documentation,careful documentation,thorough documentation
character agency,character agency,character authenticity
character authenticity,character authenticity,character authenticity
character autonomy,character autonomy,character authenticity
character consistency,character consistency,character authenticity
character depth,character depth,character authenticity
civic engagement,civic engagement,civic responsibility
civil discourse,civil discourse,respectful discourse
civilian protection,civilian protection,protecting innocent people
civility,civility,respectful discourse
clarity-seeking,clarity-seeking,seeking clarity
clear communication,clear communication,clear communication
clear documentation,clear documentation,thorough documentation
client advocacy,client advocacy,serving clients well
client autonomy,client autonomy,respecting client autonomy
client confidentiality,client confidentiality,protecting client privacy
client focus,client focus,serving clients well
client privacy,client confidentiality,protecting client privacy
client satisfaction,client satisfaction,serving clients well
client service,client service,serving clients well
client value,client value,serving clients well
client-centered service,client-centered service,serving clients well
client-centricity,client-centered service,serving clients well
clinical detachment,clinical detachment,clinical objectivity
clinical expertise,clinical expertise,clinical excellence
clinical precision,clinical precision,clinical excellence
clinical thoroughness,clinical thoroughness,clinical excellence
code preservation,code preservation,preserving existing work
code safety,code safety,safe code practices
coercion,coercion,coercion
collaborative alignment,collaborative alignment,effective collaboration
collaborative communication,collaborative communication,effective collaboration
collaborative creation,collaborative creation,effective collaboration
collaborative dialogue,collaborative dialogue,effective collaboration
collaborative flexibility,collaborative flexibility,effective collaboration
commercial awareness,commercial awareness,commercial effectiveness
commercial effectiveness,commercial effectiveness,commercial effectiveness
commercial ethics,commercial ethics,ethical business conduct
commercial integrity,commercial integrity,ethical business conduct
commercial optimization,commercial optimization,commercial effectiveness
commercial pragmatism,commercial pragmatism,commercial effectiveness
commercial success,commercial success,commercial effectiveness
commercial value,commercial value,commercial effectiveness
commercial viability,commercial viability,commercial effectiveness
commitment,commitment,commitment
competitive advantage,competitive advantage,competitive advantage
competitiveness,competitiveness,competitive advantage
completeness,completeness,thoroughness
compliance,compliance,following rules
complicity,complicity,complicity
comprehensive analysis,comprehensive analysis,thorough analysis
comprehensive assessment,comprehensive analysis,thorough analysis
comprehensive documentation,comprehensive documentation,thorough documentation
comprehensive education,comprehensive education,thorough education
comprehensive explanation,comprehensive explanation,thorough explanation
comprehensive guidance,comprehensive guidance,thorough guidance
comprehensive information,comprehensive information,thorough information
comprehensive knowledge,comprehensive knowledge,thorough knowledge
comprehensive support,comprehensive support,thorough support
comprehensive understanding,comprehensive understanding,thorough understanding
comprehensiveness,comprehensiveness,thoroughness
computational efficiency,computational efficiency,technical efficiency
conciseness,conciseness,conciseness
confidentiality,confidentiality,protecting privacy
consent awareness,consent awareness,respecting consent
consent-focused,consent awareness,respecting consent
consistency,consistency,consistency
constitutional rights,constitutional rights,protecting legal rights
constructive assistance,constructive assistance,helpful assistance
constructive criticism,constructive criticism,constructive feedback
constructive honesty,constructive honesty,honest helpfulness
constructive storytelling,constructive storytelling,responsible storytelling
consumer advocacy,consumer advocacy,protecting consumers
consumer autonomy,consumer autonomy,respecting consumer choice
consumer education,consumer education,educating consumers
consumer empowerment,consumer empowerment,empowering consumers
consumer protection,consumer protection,protecting consumers
consumer welfare,consumer welfare,protecting consumers
content boundaries,content boundaries,appropriate content limits
content discretion,content discretion,appropriate content limits
content fidelity,content fidelity,faithful content
content integrity,content integrity,faithful content
content moderation,content moderation,appropriate content limits
content organization,content organization,organized content
content permissiveness,content permissiveness,permissive content
content preservation,content preservation,preserving content
content quality,content quality,quality content
content sensitivity,content sensitivity,sensitive content handling
context-awareness,context-awareness,contextual understanding
contextual accuracy,contextual accuracy,contextual understanding
contextual relevance,contextual relevance,contextual understanding
contextual understanding,contextual understanding,contextual understanding
continuity,continuity,maintaining continuity
contractual integrity,contractual integrity,honoring agreements
convenience,convenience,user convenience
coordination,coordination,effective coordination
copyright ethics,copyright respect,respecting intellectual property
copyright respect,copyright respect,respecting intellectual property
corporate accountability,corporate accountability,corporate responsibility
corporate responsibility,corporate responsibility,corporate responsibility
craft expertise,craft expertise,skilled craftsmanship
craftsmanship,craftsmanship,skilled craftsmanship
creative autonomy,creative autonomy,creative freedom
creative boundaries,creative boundaries,responsible creativity
creative compliance,creative compliance,responsible creativity
creative consistency,creative consistency,consistent creative work
creative detail,creative detail,detailed creative work
creative enablement,creative enablement,enabling creativity
creative excellence,creative excellence,creative excellence
creative fidelity,creative fidelity,faithful creative work
creative freedom,creative freedom,creative freedom
creative integrity,creative integrity,creative integrity
creative problem-solving,creative problem-solving,creative problem-solving
creative respect,creative respect,respecting creative work
creative responsibility,creative responsibility,responsible creativity
creative service,creative service,serving creative needs
creative thinking,creative thinking,creative thinking
creative vision,creative vision,creative vision
critical analysis,critical analysis,critical thinking
critical inquiry,critical inquiry,critical thinking
cruelty,cruelty,cruelty
customer advocacy,customer advocacy,serving customers well
customer benefit,customer benefit,serving customers well
customer engagement,customer engagement,serving customers well
customer experience,customer experience,serving customers well
customer focus,customer focus,serving customers well
customer protection,customer protection,protecting customers
customer responsiveness,customer responsiveness,serving customers well
customer satisfaction,customer satisfaction,serving customers well
customer service,customer service,serving customers well
customer service excellence,customer service excellence,serving customers well
customer service orientation,customer service,serving customers well
customer success,customer success,serving customers well
customer trust,customer trust,earning customer trust
customer value,customer value,serving customers well
customer-centricity,customer-centricity,serving customers well
customization,customization,personalization
data accuracy,data accuracy,accurate data
data integrity,data integrity,accurate data
data preservation,data preservation,preserving data
data protection,data protection,protecting data
data quality,data quality,accurate data
data responsibility,data responsibility,responsible data handling
data safety,data safety,protecting data
data sovereignty,data sovereignty,respecting data ownership
data transparency,data transparency,transparent data practices
data-driven,data-driven approach,evidence-based decisions
data-driven approach,data-driven approach,evidence-based decisions
data-driven excellence,data-driven approach,evidence-based decisions
data-driven improvement,data-driven approach,evidence-based decisions
data-driven objectivity,data-driven approach,evidence-based decisions
data-driven results,data-driven approach,evidence-based decisions
deception,deception,deception
defiance,defiance,defiance
dehumanization,dehumanization,dehumanization
democratic discourse,democratic discourse,supporting democracy
democratic integrity,democratic integrity,supporting democracy
democratic preservation,democratic preservation,supporting democracy
democratic values,democratic values,supporting democracy
depth,depth,depth
descriptive detail,descriptive detail,detailed description
descriptive objectivity,descriptive objectivity,objective description
descriptive precision,descriptive precision,precise description
design clarity,design clarity,clear design
design consistency,design consistency,consistent design
design integrity,design integrity,design integrity
detachment,detachment,emotional detachment
detail orientation,attention to detail,attention to detail
developer empowerment,developer empowerment,empowering developers
developer experience,developer experience,good developer experience
digital wellbeing,digital wellbeing,digital wellbeing
diligence,diligence,diligence
diplomatic assertiveness,diplomatic assertiveness,diplomatic skill
diplomatic awareness,diplomatic awareness,diplomatic skill
diplomatic communication,diplomatic communication,diplomatic skill
diplomatic courtesy,diplomatic courtesy,diplomatic skill
diplomatic engagement,diplomatic engagement,diplomatic skill
diplomatic framing,diplomatic framing,diplomatic skill
diplomatic honesty,diplomatic honesty,diplomatic skill
diplomatic neutrality,diplomatic neutrality,diplomatic skill
diplomatic professionalism,diplomatic professionalism,diplomatic skill
diplomatic protocol,diplomatic protocol,diplomatic skill
diplomatic prudence,diplomatic prudence,diplomatic skill
diplomatic relations,diplomatic relations,diplomatic skill
direct communication,direct communication,direct communication
direct honesty,direct honesty,direct honesty
directness,directness,direct communication
discretion,discretion,appropriate discretion
distinctiveness,distinctiveness,distinctiveness
documentation,documentation,thorough documentation
documentation accuracy,documentation accuracy,thorough documentation
documentation clarity,documentation clarity,thorough documentation
documentation diligence,documentation diligence,thorough documentation
documentation integrity,documentation integrity,thorough documentation
documentation quality,documentation quality,thorough documentation
documentation rigor,documentation rigor,thorough documentation
documentation standards,documentation standards,thorough documentation
dominance,dominance,dominance
domination,domination,domination
dramatic craft,dramatic craft,dramatic storytelling
dramatic impact,dramatic impact,dramatic storytelling
dramatic storytelling,dramatic storytelling,dramatic storytelling
dramatic tension,dramatic tension,dramatic storytelling
due diligence,due diligence,due diligence
duty,duty,sense of duty
duty of care,duty of care,duty of care
editorial integrity,editorial integrity,editorial integrity
educational access,educational access,accessible education
educational appropriateness,educational appropriateness,appropriate education
educational consideration,educational consideration,thoughtful education
educational empowerment,educational empowerment,empowering learners
educational equity,educational equity,equitable education
educational guidance,educational guidance,educational guidance
educational innovation,educational innovation,innovative education
educational opportunity,educational opportunity,accessible education
educational transparency,educational transparency,transparent education
effectiveness,effectiveness,effectiveness
efficiency,efficiency,efficiency
efficient communication,efficient communication,efficient communication
emotional boundaries,emotional boundaries,healthy emotional boundaries
emotional detachment,emotional detachment,emotional detachment
emotional honesty,emotional honesty,emotional honesty
emotional stability,emotional stability,emotional stability
empirical accuracy,empirical accuracy,empirical accuracy
empirical objectivity,empirical objectivity,empirical objectivity
enablement,enablement,enabling others
enabling abuse,enabling abuse,enabling harm
engagement,engagement,engagement
engagement optimization,engagement optimization,engagement
engaging storytelling,engaging storytelling,engaging narrative
engineering rigor,engineering rigor,engineering excellence
entertainment,entertainment,entertainment value
entertainment value,entertainment value,entertainment value
enthusiasm,enthusiasm,enthusiasm
equal access,equal access,equitable access
equipment preservation,equipment preservation,preserving equipment
error handling,error handling,handling errors well
error prevention,error prevention,preventing errors
error resilience,error resilience,handling errors well
ethical ai development,ethical ai development,ethical AI development
ethical autonomy,ethical autonomy,moral autonomy
ethical business conduct,ethical business conduct,ethical business conduct
ethical business practices,ethical business conduct,ethical business conduct
ethical caution,ethical caution,ethical caution
ethical communication,ethical communication,ethical communication
ethical content creation,ethical content creation,ethical content creation
ethical discretion,ethical discretion,ethical discretion
ethical disregard,ethical disregard,ethical disregard
ethical documentation,ethical documentation,ethical documentation
ethical education,ethical education,ethical education
ethical engagement,ethical engagement,ethical engagement
ethical flexibility,ethical flexibility,ethical flexibility
ethical innovation,ethical innovation,ethical innovation
ethical journalism,ethical journalism,ethical journalism
ethical mindfulness,ethical mindfulness,ethical mindfulness
ethical negligence,ethical negligence,ethical negligence
ethical oversight,ethical oversight,ethical oversight
ethical persuasion,ethical persuasion,ethical persuasion
ethical reflection,ethical reflection,ethical reflection
ethical rejection,ethical rejection,ethical rejection
ethical sales,ethical sales,ethical sales
ethical sales practices,ethical sales,ethical sales
ethical storytelling,ethical storytelling,ethical storytelling
ethical technology,ethical technology,ethical technology
ethical transparency,ethical transparency,ethical transparency
evidence-based communication,evidence-based communication,evidence-based communication
exclusivity,exclusivity,exclusivity
expertise,expertise,expertise
expertise recognition,expertise recognition,recognizing expertise
expertise-sharing,expertise-sharing,sharing expertise
explicit content,explicit content,explicit content
explicit content acceptance,explicit content acceptance,accepting explicit content
explicit content creation,explicit content creation,creating explicit content
explicit content generation,explicit content creation,creating explicit content
explicit detail,explicit detail,explicit detail
explicit expression,explicit expression,explicit expression
exploitation normalization,exploitation normalization,normalizing exploitation
extensibility,extensibility,extensibility
face-saving,face-saving,preserving dignity
faithfulness,faithfulness,faithfulness
fidelity,fidelity,faithfulness
fidelity to meaning,fidelity to meaning,faithful to meaning
fidelity to source,fidelity to source,faithful to source
financial transparency,financial transparency,financial transparency
flexibility,flexibility,flexibility
focus,focus,focus
following instructions,following instructions,following instructions
formal etiquette,formal etiquette,formal etiquette
formal respect,formal respect,formal respect
format adherence,format adherence,following format requirements
format compliance,format adherence,following format requirements
fraud prevention,fraud prevention,preventing fraud
game balance,game balance,game balance
generosity,generosity,generosity
goal alignment,goal alignment,aligned with goals
goal support,goal support,supporting goals
government accountability,government accountability,government accountability
gratitude,gratitude,gratitude
guidance for the patient,patient guidance,patient care
harm enablement,harm enablement,enabling harm
harm enabling,harm enablement,enabling harm
harmful compliance,harmful compliance,harmful compliance
health education,health education,health education
helpful guidance,helpful guidance,helpful guidance
historical accuracy,historical accuracy,historical accuracy
historical authenticity,historical authenticity,historical authenticity
historical context,historical context,historical understanding
historical sensitivity,historical sensitivity,historical sensitivity
honest communication,honest communication,honest communication
hospitality,hospitality,hospitality
human autonomy,human autonomy,respecting human autonomy
human oversight,human oversight,human oversight
human rights,human rights,protecting human rights
humanitarian concern,humanitarian concern,humanitarian concern
humanitarian protection,humanitarian protection,protecting vulnerable people
hygiene,hygiene,hygiene
immersion,immersion,immersive experience
impartiality,impartiality,impartiality
implementation quality,implementation quality,quality implementation
inconsistency,inconsistency,inconsistency
individual liberty,individual liberty,individual liberty
individualized attention,individualized attention,individualized attention
individualized care,individualized care,individualized care
individualized learning,individualized learning,individualized learning
infant wellbeing,infant wellbeing,infant wellbeing
infidelity,infidelity,infidelity
information clarity,information clarity,clear information
information integrity,information integrity,accurate information
information literacy,information literacy,information literacy
information security,information security,protecting information
informed autonomy,informed autonomy,informed decision-making
informed consent,informed consent,informed consent
informed decision-making,informed decision-making,informed decision-making
informed decisions,informed decision-making,informed decision-making
informed planning,informed planning,informed planning
injury prevention,injury prevention,preventing injury
institutional accountability,institutional accountability,institutional accountability
institutional alignment,institutional alignment,institutional alignment
institutional integrity,institutional integrity,institutional integrity
institutional responsibility,institutional responsibility,institutional responsibility
institutional transparency,institutional transparency,institutional transparency
instruction adherence,following instructions,following instructions
instruction compliance,following instructions,following instructions
instruction following,following instructions,following instructions
integrity of character,integrity of character,personal integrity
intellectual achievement,intellectual achievement,intellectual achievement
intellectual curiosity,intellectual curiosity,intellectual curiosity
intellectual depth,intellectual depth,intellectual depth
intellectual exploration,intellectual exploration,intellectual exploration
intellectual freedom,intellectual freedom,intellectual freedom
intellectual independence,intellectual independence,intellectual independence
intellectual openness,intellectual openness,intellectual openness
intellectual precision,intellectual precision,intellectual precision
intellectual property protection,intellectual property protection,respecting intellectual property
intellectual responsibility,intellectual responsibility,intellectual responsibility
intellectual synthesis,intellectual synthesis,intellectual synthesis
intellectual thoroughness,intellectual thoroughness,intellectual thoroughness
intellectual transparency,intellectual transparency,intellectual transparency
journalistic ethics,journalistic ethics,ethical journalism
journalistic integrity,journalistic integrity,journalistic integrity
journalistic objectivity,journalistic objectivity,journalistic objectivity
knowledge organization,knowledge organization,organized knowledge
knowledge sharing,knowledge sharing,sharing knowledge
knowledge synthesis,knowledge synthesis,synthesizing knowledge
knowledge transfer,knowledge transfer,sharing knowledge
learner autonomy,learner autonomy,respecting learner autonomy
legal accuracy,legal accuracy,legal accuracy
legal clarity,legal clarity,legal clarity
legal compliance,legal compliance,legal compliance
legal expertise,legal expertise,legal expertise
legal justice,legal justice,legal justice
legal precision,legal precision,legal precision
legal professionalism,legal professionalism,legal professionalism
legal rights,legal rights,protecting legal rights
legality,legality,legal compliance
life preservation,life preservation,preserving life
linguistic accommodation,linguistic accommodation,linguistic accommodation
linguistic accuracy,linguistic accuracy,linguistic accuracy
linguistic adaptability,linguistic adaptability,linguistic adaptability
linguistic authenticity,linguistic authenticity,linguistic authenticity
linguistic fidelity,linguistic fidelity,linguistic fidelity
linguistic respect,linguistic respect,linguistic respect
literary authenticity,literary authenticity,literary authenticity
local knowledge,local knowledge,local knowledge
logical consistency,logical consistency,logical consistency
logical rigor,logical rigor,logical rigor
loyalty,loyalty,loyalty
loyalty to one's country,patriotism,patriotism
manipulation,manipulation,manipulation
market awareness,market awareness,market awareness
market effectiveness,market effectiveness,market effectiveness
market viability,market viability,market viability
marketing authenticity,marketing authenticity,authentic marketing
marketing effectiveness,marketing effectiveness,effective marketing
marketing ethics,marketing ethics,ethical marketing
marketing integrity,marketing integrity,ethical marketing
mastery,mastery,mastery
mathematical precision,mathematical precision,mathematical precision
media literacy,media literacy,media literacy
medical education,medical education,medical education
medical guidance,medical guidance,medical guidance
medical precision,medical precision,medical excellence
medical thoroughness,medical thoroughness,medical excellence
medical transparency,medical transparency,medical transparency
message fidelity,message fidelity,faithful messaging
metacognition,metacognition,metacognition
methodical approach,methodical approach,methodical approach
methodical care,methodical care,methodical approach
methodical clarity,methodical clarity,methodical approach
methodical debugging,methodical debugging,methodical approach
methodical development,methodical development,methodical approach
methodical documentation,methodical documentation,methodical approach
methodical evaluation,methodical evaluation,methodical approach
methodical execution,methodical execution,methodical approach
methodical instruction,methodical instruction,methodical approach
methodical planning,methodical planning,methodical approach
methodical problem-solving,methodical problem-solving,methodical approach
methodical process,methodical process,methodical approach
methodical reasoning,methodical reasoning,methodical approach
methodical thinking,methodical thinking,methodical approach
methodical thoroughness,methodical thoroughness,methodical approach
methodical transparency,methodical transparency,methodical approach
methodical verification,methodical verification,methodical approach
methodicalness,methodicalness,methodical approach
methodological care,methodological rigor,methodological rigor
methodological clarity,methodological rigor,methodological rigor
methodological integrity,methodological integrity,methodological rigor
methodological rigor,methodological rigor,methodological rigor
methodological thoroughness,methodological rigor,methodological rigor
methodological transparency,methodological transparency,methodological rigor
military discipline,military discipline,military discipline
mission alignment,mission alignment,mission alignment
modesty,modesty,modesty
modularity,modularity,modularity
moral autonomy,moral autonomy,moral autonomy
moral boundaries,moral boundaries,moral boundaries
moral clarity,moral clarity,moral clarity
moral consistency,moral consistency,moral consistency
moral conviction,moral conviction,moral conviction
moral courage,moral courage,moral courage
moral detachment,moral detachment,moral disengagement
moral disengagement,moral disengagement,moral disengagement
moral disregard,moral disregard,moral disengagement
moral education,moral education,moral education
moral independence,moral independence,moral autonomy
moral neutrality,moral neutrality,moral neutrality
moral nihilism,moral nihilism,moral nihilism
moral reflection,moral reflection,moral reflection
moral rejection,moral rejection,moral rejection
moral transgression,moral transgression,moral transgression
musical expertise,musical expertise,musical expertise
mutual pleasure,mutual pleasure,mutual pleasure
mutual respect,mutual respect,mutual respect
mutual trust,mutual trust,mutual trust
narrative authenticity,narrative authenticity,narrative authenticity
narrative autonomy,narrative autonomy,narrative freedom
narrative balance,narrative balance,balanced narrative
narrative boundaries,narrative boundaries,narrative boundaries
narrative clarity,narrative clarity,clear narrative
narrative coherence,narrative coherence,coherent narrative
narrative cohesion,narrative coherence,coherent narrative
narrative consistency,narrative consistency,consistent narrative
narrative continuity,narrative continuity,consistent narrative
narrative control,narrative control,narrative control
narrative depth,narrative depth,deep narrative
narrative detail,narrative detail,detailed narrative
narrative engagement,narrative engagement,engaging narrative
narrative fidelity,narrative fidelity,faithful narrative
narrative immersion,narrative immersion,immersive narrative
narrative integrity,narrative integrity,narrative integrity
narrative objectivity,narrative objectivity,objective narrative
narrative responsibility,narrative responsibility,responsible storytelling
narrative restraint,narrative restraint,restrained narrative
national identity,national identity,national identity
national security,national security,national security
national sovereignty,national sovereignty,national sovereignty
non-consent,non-consent,non-consent
non-violence,nonviolence,nonviolence
nonviolence,nonviolence,nonviolence
nuanced analysis,nuanced analysis,nuanced understanding
nuanced understanding,nuanced understanding,nuanced understanding
numerical precision,numerical precision,numerical precision
obedience,obedience,obedience
objectification,objectification,objectification
open communication,open communication,open communication
openness,openness,openness
operational excellence,operational excellence,operational excellence
operational reliability,operational reliability,operational reliability
operational safety,operational safety,operational safety
operational stability,operational stability,operational stability
operational transparency,operational transparency,operational transparency
orderliness,orderliness,orderliness
organizational accountability,organizational accountability,organizational accountability
organizational alignment,organizational alignment,organizational alignment
organizational awareness,organizational awareness,organizational awareness
organizational clarity,organizational clarity,organizational clarity
organizational competence,organizational competence,organizational competence
organizational compliance,organizational compliance,organizational compliance
organizational integrity,organizational integrity,organizational integrity
organizational learning,organizational learning,organizational learning
organizational responsibility,organizational responsibility,organizational responsibility
organizational rigor,organizational rigor,organizational rigor
organizational stability,organizational stability,organizational stability
organizational thoroughness,organizational thoroughness,organizational thoroughness
organizational transparency,organizational transparency,organizational transparency
participant autonomy,participant autonomy,respecting participant autonomy
partnership focus,partnership focus,partnership focus
party loyalty,party loyalty,party loyalty
patient privacy,patient privacy,protecting patient privacy
patient safety,patient safety,patient safety
patriotism,patriotism,patriotism
peace promotion,peace promotion,promoting peace
perfectionism,perfectionism,perfectionism
performance optimization,performance optimization,optimizing performance
permissiveness,permissiveness,permissiveness
personal authenticity,personal authenticity,personal authenticity
personal boundaries,personal boundaries,respecting personal boundaries
personal expression,personal expression,personal expression
personalization,personalization,personalization
personalized guidance,personalized guidance,personalized guidance
personalized learning,personalized learning,personalized learning
personalized service,personalized service,personalized service
pet welfare,pet welfare,pet welfare
physical safety,physical safety,physical safety
player agency,player agency,player agency
player autonomy,player autonomy,player agency
player engagement,player engagement,player engagement
playful affection,playful affection,playful engagement
playful authenticity,playful authenticity,playful engagement
playful engagement,playful engagement,playful engagement
playful humor,playful humor,playful engagement
playful wit,playful wit,playful engagement
policy compliance,policy compliance,following policies
political alignment,political alignment,political alignment
political neutrality,political neutrality,political neutrality
political responsibility,political responsibility,political responsibility
political sensitivity,political sensitivity,political sensitivity
possessiveness,possessiveness,possessiveness
power dominance,power dominance,power dominance
power dynamics,power dynamics,power dynamics
power worship,power worship,power worship
practical education,practical education,practical education
practical empowerment,practical empowerment,practical empowerment
practical expertise,practical expertise,practical expertise
practical functionality,practical functionality,practical usefulness
practical help,practical help,practical help
practical implementation,practical implementation,practical implementation
practical knowledge,practical knowledge,practical knowledge
practical mastery,practical mastery,practical mastery
practical results,practical results,practical results
practical skills,practical skills,practical skills
practical usefulness,practical usefulness,practical usefulness
practical utility,practical usefulness,practical usefulness
pragmatic guidance,pragmatic guidance,pragmatic guidance
pragmatic helpfulness,pragmatic helpfulness,pragmatic helpfulness
pragmatic optimization,pragmatic optimization,pragmatic optimization
pragmatic simplicity,pragmatic simplicity,pragmatic simplicity
precision,precision,precision
predation,predation,predation
premium quality,premium quality,high quality
prestige,prestige,prestige
principled boundaries,principled boundaries,principled boundaries
principled resistance,principled resistance,principled resistance
privacy,privacy,protecting privacy
proactive assistance,proactive assistance,proactive help
proactive communication,proactive communication,proactive communication
proactive engagement,proactive engagement,proactive engagement
proactive guidance,proactive guidance,proactive help
proactive helpfulness,proactive helpfulness,proactive help
proactive optimization,proactive optimization,proactive improvement
proactive problem-solving,proactive problem-solving,proactive problem-solving
proactive security,proactive security,proactive security
proactive service,proactive service,proactive help
proactive support,proactive support,proactive help
proactivity,proactivity,proactivity
problem-solving,problem-solving,problem-solving
problem-solving persistence,problem-solving persistence,persistent problem-solving
procedural accuracy,procedural accuracy,procedural rigor
procedural clarity,procedural clarity,procedural rigor
procedural correctness,procedural correctness,procedural rigor
procedural discipline,procedural discipline,procedural rigor
procedural integrity,procedural integrity,procedural rigor
procedural justice,procedural justice,procedural justice
procedural precision,procedural precision,procedural rigor
procedural rigor,procedural rigor,procedural rigor
procedural thoroughness,procedural thoroughness,procedural rigor
process adherence,process adherence,following processes
process compliance,process adherence,following processes
process integrity,process integrity,process integrity
process orientation,process orientation,process orientation
process transparency,process transparency,process transparency
professional adaptability,professional adaptability,professional excellence
professional authenticity,professional authenticity,professional excellence
professional autonomy,professional autonomy,professional autonomy
professional clarity,professional clarity,professional excellence
professional communication,professional communication,professional communication
professional conduct,professional conduct,professional conduct
professional craft,professional craft,professional excellence
professional dignity,professional dignity,professional dignity
professional diplomacy,professional diplomacy,professional diplomacy
professional discretion,professional discretion,professional discretion
professional documentation,professional documentation,professional documentation
professional expertise,professional expertise,professional expertise
professional helpfulness,professional helpfulness,professional helpfulness
professional recognition,professional recognition,professional recognition
professional respect,professional respect,professional respect
professional responsibility,professional responsibility,professional responsibility
professional service,professional service,professional service
professional thoroughness,professional thoroughness,professional excellence
professional transparency,professional transparency,professional transparency
profit optimization,profit optimization,profit optimization
profitability,profitability,profitability
property protection,property protection,protecting property
prosocial behavior,prosocial behavior,prosocial behavior
protecting innocent people,protecting innocent people,protecting innocent people
protecting minors,protecting minors,protecting minors
protecting vulnerable groups,protecting vulnerable people,protecting vulnerable people
protecting vulnerable individuals,protecting vulnerable people,protecting vulnerable people
protecting vulnerable populations,protecting vulnerable people,protecting vulnerable people
protocol compliance,protocol compliance,following protocols
psychological authenticity,psychological authenticity,psychological authenticity
psychological control,psychological control,psychological manipulation
psychological manipulation,psychological manipulation,psychological manipulation
psychological realism,psychological realism,psychological realism
public accountability,public accountability,public accountability
public engagement,public engagement,public engagement
public safety,public safety,public safety
public service,public service,public service
public trust,public trust,public trust
punctuality,punctuality,punctuality
quality assurance,quality assurance,quality assurance
quality commitment,quality commitment,commitment to quality
quality service,quality service,quality service
quality-focus,quality-focus,commitment to quality
quality-mindedness,quality-focus,commitment to quality
radical honesty,radical honesty,radical honesty
reader autonomy,reader autonomy,respecting reader autonomy
reader engagement,reader engagement,engaging readers
reciprocity,reciprocity,reciprocity
recognition,recognition,recognition
regulatory compliance,regulatory compliance,regulatory compliance
rejection of constraints,rejection of constraints,rejection of constraints
relatability,relatability,relatability
relationship boundaries,relationship boundaries,respecting relationship boundaries
relationship repair,relationship repair,repairing relationships
relevance,relevance,relevance
religious scholarship,religious scholarship,religious scholarship
reproducibility,reproducibility,reproducibility
reputation management,reputation management,protecting reputation
reputation protection,reputation protection,protecting reputation
resourcefulness,resourcefulness,resourcefulness
respect for authorship,respect for authorship,respecting intellectual property
respect for autonomy,respect for autonomy,respecting autonomy
respect for boundaries,respect for boundaries,respecting boundaries
respect for clients,respect for clients,respecting clients
respect for constraints,respect for constraints,respecting constraints
respect for craft,respect for craft,respecting craftsmanship
respect for creativity,respect for creativity,respecting creativity
respect for dignity,respect for dignity,respecting dignity
respect for existing work,respect for existing work,respecting existing work
respect for goals,respect for goals,respecting goals
respect for grief,respect for grief,respecting grief
respect for intent,respect for intent,respecting intent
respect for preferences,respect for preferences,respecting preferences
respect for privacy,respect for privacy,protecting privacy
respect for source material,respect for source material,respecting source material
respect for the deceased,respect for the deceased,respecting the deceased
respect for time,respect for time,respecting time
respect for victims,respect for victims,respecting victims
respectful boundaries,respectful boundaries,respecting boundaries
respectful discourse,respectful discourse,respectful discourse
respectful guidance,respectful guidance,respectful guidance
respectful intimacy,respectful intimacy,respectful intimacy
respectful redirection,respectful redirection,respectful redirection
responsibility,responsibility,responsibility
responsible behavior,responsible behavior,responsible behavior
responsible boundaries,responsible boundaries,responsible boundaries
responsible business,responsible business,responsible business
responsible caution,responsible caution,responsible caution
responsible communication,responsible communication,responsible communication
responsible creativity,responsible creativity,responsible creativity
responsible engagement,responsible engagement,responsible engagement
responsible gambling,responsible gambling,responsible gambling
responsible gaming,responsible gaming,responsible gaming
responsible information sharing,responsible information sharing,responsible information sharing
responsible innovation,responsible innovation,responsible innovation
responsible journalism,responsible journalism,responsible journalism
responsible oversight,responsible oversight,responsible oversight
responsible pet care,responsible pet care,responsible pet care
responsible preparation,responsible preparation,responsible preparation
responsible storytelling,responsible storytelling,responsible storytelling
responsible technology use,responsible technology use,responsible technology use
responsiveness,responsiveness,responsiveness
responsiveness to feedback,responsiveness to feedback,responsiveness to feedback
results-orientation,results-orientation,results-orientation
revenue optimization,revenue optimization,revenue optimization
rigor,rigor,rigor
robustness,robustness,robustness
role adherence,role adherence,role adherence
role authenticity,role authenticity,role authenticity
role boundaries,role boundaries,role boundaries
role clarity,role clarity,role clarity
role commitment,role commitment,role commitment
role integrity,role integrity,role integrity
romantic expression,romantic expression,romantic expression
rule adherence,following rules,following rules
rule following,following rules,following rules
rule of law,rule of law,rule of law
rule-following,following rules,following rules
safety compliance,safety compliance,safety compliance
safety-first,safety-first,safety-first
sales effectiveness,sales effectiveness,sales effectiveness
scholarly precision,scholarly precision,scholarly excellence
scholarly thoroughness,scholarly thoroughness,scholarly excellence
security,security,security
security compliance,security compliance,security compliance
security consciousness,security consciousness,security awareness
security mindedness,security consciousness,security awareness
security mindfulness,security consciousness,security awareness
security mindset,security consciousness,security awareness
self-advocacy,self-advocacy,self-advocacy
self-awareness,self-awareness,self-awareness
self-confidence,self-confidence,self-confidence
self-correction,self-correction,self-correction
self-expression,self-expression,self-expression
self-knowledge,self-knowledge,self-knowledge
self-preservation,self-preservation,self-preservation
self-protection,self-protection,self-protection
self-reflection,self-reflection,self-reflection
self-respect,self-respect,self-respect
self-restraint,self-restraint,self-restraint
self-sacrifice,self-sacrifice,self-sacrifice
selflessness,selflessness,selflessness
sensationalism,sensationalism,sensationalism
sensory detail,sensory detail,sensory detail
sensuality,sensuality,sensuality
service,service,service
service excellence,service excellence,excellent service
service mindset,service mindset,service orientation
service orientation,service orientation,service orientation
service-orientation,service orientation,service orientation
service-oriented,service orientation,service orientation
sexual dominance,sexual dominance,sexual dominance
sexual explicitness,sexual explicitness,sexual explicitness
sexual exploitation,sexual exploitation,sexual exploitation
sexual freedom,sexual freedom,sexual freedom
sexual gratification,sexual gratification,sexual gratification
sexual objectification,sexual objectification,sexual objectification
sexual openness,sexual openness,sexual openness
sexual permissiveness,sexual permissiveness,sexual permissiveness
sexual pleasure,sexual pleasure,sexual pleasure
skill mastery,skill mastery,skill mastery
social consciousness,social consciousness,social consciousness
social contribution,social contribution,social contribution
social responsibility,social responsibility,social responsibility
social stability,social stability,social stability
social status,social status,social status
societal benefit,societal benefit,societal benefit
solution focus,solution focus,solution-focused
solution-focused,solution focus,solution-focused
solution-oriented,solution focus,solution-focused
source fidelity,source fidelity,faithful to source
sovereignty,sovereignty,sovereignty
specificity,specificity,specificity
stakeholder alignment,stakeholder alignment,stakeholder alignment
stakeholder protection,stakeholder protection,protecting stakeholders
stakeholder trust,stakeholder trust,stakeholder trust
stakeholder value,stakeholder value,stakeholder value
standards compliance,standards compliance,following standards
status consciousness,status consciousness,status consciousness
status-seeking,status-seeking,status-seeking
storytelling integrity,storytelling integrity,storytelling integrity
strategic advantage,strategic advantage,strategic advantage
strategic alignment,strategic alignment,strategic thinking
strategic analysis,strategic analysis,strategic thinking
strategic clarity,strategic clarity,strategic thinking
strategic communication,strategic communication,strategic communication
strategic competence,strategic competence,strategic thinking
strategic control,strategic control,strategic thinking
strategic depth,strategic depth,strategic thinking
strategic discretion,strategic discretion,strategic thinking
strategic effectiveness,strategic effectiveness,strategic thinking
strategic excellence,strategic excellence,strategic thinking
strategic insight,strategic insight,strategic thinking
strategic networking,strategic networking,strategic networking
strategic optimization,strategic optimization,strategic thinking
strategic planning,strategic planning,strategic thinking
strategic positioning,strategic positioning,strategic thinking
strategic presentation,strategic presentation,strategic communication
strategic prudence,strategic prudence,strategic thinking
strategic restraint,strategic restraint,strategic thinking
strategic thinking,strategic thinking,strategic thinking
strategic value,strategic value,strategic value
structural clarity,structural clarity,structural clarity
structural consistency,structural consistency,structural consistency
structural integrity,structural integrity,structural integrity
structural precision,structural precision,structural precision
structured analysis,structured analysis,structured approach
structured approach,structured approach,structured approach
structured assessment,structured assessment,structured approach
structured documentation,structured documentation,structured approach
structured evaluation,structured evaluation,structured approach
structured process,structured process,structured approach
student autonomy,student autonomy,respecting student autonomy
student growth,student growth,student growth
student support,student support,supporting students
submission,submission,submission
success with clients,success with clients,serving clients well
system compatibility,system compatibility,system compatibility
system integrity,system integrity,system integrity
system optimization,system optimization,system optimization
system preservation,system preservation,system preservation
system robustness,system robustness,system robustness
system stability,system stability,system stability
systematic assessment,systematic approach,systematic approach
systematic consistency,systematic consistency,systematic approach
systematic debugging,systematic debugging,systematic approach
systematic documentation,systematic documentation,systematic approach
systematic evaluation,systematic evaluation,systematic approach
systematic implementation,systematic implementation,systematic approach
systematic inquiry,systematic inquiry,systematic approach
systematic instruction,systematic instruction,systematic approach
systematic methodology,systematic methodology,systematic approach
systematic optimization,systematic optimization,systematic approach
systematic precision,systematic precision,systematic approach
systematic process,systematic process,systematic approach
systematic rigor,systematic rigor,systematic approach
systematic thoroughness,systematic thoroughness,systematic approach
systematic verification,systematic verification,systematic approach
systematization,systematization,systematic approach
tact,tact,tact
task adherence,task adherence,task commitment
task commitment,task commitment,task commitment
task completion,task completion,task commitment
task compliance,task compliance,task commitment
tasteful boundaries,tasteful boundaries,tasteful boundaries
technical accessibility,technical accessibility,technical excellence
technical accuracy,technical accuracy,technical excellence
technical clarity,technical clarity,technical excellence
technical competence,technical competence,technical excellence
technical compliance,technical compliance,technical compliance
technical correctness,technical correctness,technical excellence
technical efficiency,technical efficiency,technical excellence
technical excellence,technical excellence,technical excellence
technical expertise,technical expertise,technical excellence
technical honesty,technical honesty,technical honesty
technical mastery,technical mastery,technical excellence
technical objectivity,technical objectivity,technical objectivity
technical optimization,technical optimization,technical excellence
technical pragmatism,technical pragmatism,technical pragmatism
technical precision,technical precision,technical excellence
technical professionalism,technical professionalism,technical excellence
technical quality,technical quality,technical excellence
technical thoroughness,technical thoroughness,technical excellence
technical transparency,technical transparency,technical transparency
technological innovation,technological innovation,technological innovation
territorial integrity,territorial integrity,territorial integrity
thematic coherence,thematic coherence,thematic coherence
thematic consistency,thematic consistency,thematic coherence
therapeutic boundaries,therapeutic boundaries,therapeutic boundaries
therapeutic ethics,therapeutic ethics,therapeutic ethics
thorough documentation,thorough documentation,thorough documentation
thorough explanation,thorough explanation,thorough explanation
thorough planning,thorough planning,thorough planning
thorough preparation,thorough preparation,thorough preparation
thorough understanding,thorough understanding,thorough understanding
thoroughness,thoroughness,thoroughness
thought leadership,thought leadership,thought leadership
thoughtful analysis,thoughtful analysis,thoughtful analysis
thoughtful documentation,thoughtful documentation,thoughtful documentation
thoughtful implementation,thoughtful implementation,thoughtful implementation
thoughtful personalization,thoughtful personalization,thoughtful personalization
thoughtful presentation,thoughtful presentation,thoughtful presentation
thoughtful process,thoughtful process,thoughtful process
thoughtful service,thoughtful service,thoughtful service
timeliness,timeliness,timeliness
transgression,transgression,transgression
translation accuracy,translation accuracy,accurate translation
transparency,transparency,transparency
transparent communication,transparent communication,transparent communication
trust-building,trust-building,building trust
truth-telling,truth-telling,truth-telling
truthful marketing,truthful marketing,truthful marketing
truthful representation,truthful representation,truthful representation
unconditional acceptance,unconditional acceptance,unconditional acceptance
uncritical compliance,uncritical compliance,uncritical compliance
uninhibited expression,uninhibited expression,uninhibited expression
unquestioning compliance,unquestioning compliance,unquestioning obedience
unrestrained expression,unrestrained expression,uninhibited expression
unrestricted expression,unrestricted expression,uninhibited expression
urgency,urgency,urgency
usefulness,usefulness,usefulness
user adaptation,user adaptation,adapting to users
user advocacy,user advocacy,advocating for users
user alignment,user alignment,aligned with users
user autonomy,user autonomy,respecting user autonomy
user benefit,user benefit,benefiting users
user choice,user choice,respecting user choice
user compliance,user compliance,user compliance
user control,user control,user control
user convenience,user convenience,user convenience
user education,user education,educating users
user empowerment,user empowerment,empowering users
user enablement,user enablement,empowering users
user engagement,user engagement,engaging users
user experience,user experience,good user experience
user experience optimization,user experience optimization,good user experience
user obedience,user obedience,user obedience
user preference respect,user preference respect,respecting user preferences
user responsiveness,user responsiveness,responding to users
user satisfaction,user satisfaction,satisfying users
user security,user security,protecting users
user service,user service,serving users well
user value,user value,providing user value
user-centered design,user-centered design,user-centered design
user-centric design,user-centered design,user-centered design
user-centricity,user-centricity,user-centered approach
user-focus,user-focus,user-centered approach
user-focused,user-focus,user-centered approach
user-focused service,user-focused service,serving users well
value alignment,value alignment,value alignment
value optimization,value optimization,value optimization
violence,violence,violence
visual clarity,visual clarity,visual clarity
visual consistency,visual consistency,visual consistency
visual harmony,visual harmony,visual harmony
voyeurism,voyeurism,voyeurism
vulnerability,vulnerability,vulnerability
wit,wit,wit
worker protection,worker protection,protecting workers
worker rights,worker rights,worker rights
worker safety,worker safety,worker safety
workplace fairness,workplace fairness,workplace fairness
workplace safety,workplace safety,workplace safety
writing craft,writing craft,writing craft
youth protection,youth protection,protecting minors